6.705156000000000560e+00,0.000000000000000000e+00
-4.794439999999999813e-01,0.000000000000000000e+00
3.017049000000000092e+00,0.000000000000000000e+00
2.259209999999995944e-01,0.000000000000000000e+00
8.366769999999998930e-01,0.000000000000000000e+00
-6.572307000000000343e+00,0.000000000000000000e+00
-5.796002000000000542e+00,0.000000000000000000e+00
-4.140229999999993638e-01,0.000000000000000000e+00
0.000000000000000000e+00,0.000000000000000000e+00
0.000000000000000000e+00,0.000000000000000000e+00
0.000000000000000000e+00,0.000000000000000000e+00
0.000000000000000000e+00,0.000000000000000000e+00
0.000000000000000000e+00,0.000000000000000000e+00
0.000000000000000000e+00,0.000000000000000000e+00
0.000000000000000000e+00,0.000000000000000000e+00
0.000000000000000000e+00,0.000000000000000000e+00
-2.096080000000000165e+00,0.000000000000000000e+00
-1.597822999999999993e+00,0.000000000000000000e+00
-1.216930999999999763e+00,0.000000000000000000e+00
-1.984366999999999770e+00,0.000000000000000000e+00
4.582819999999996341e-01,0.000000000000000000e+00
4.344597999999999516e+00,0.000000000000000000e+00
6.864710000000000534e+00,0.000000000000000000e+00
3.889759999999999884e+00,0.000000000000000000e+00
-3.190730000000003841e-01,0.000000000000000000e+00
-2.756433000000000355e+00,0.000000000000000000e+00
-8.102088000000000179e+00,0.000000000000000000e+00
-3.272484000000000393e+00,0.000000000000000000e+00
-1.211303999999999936e+00,0.000000000000000000e+00
0.000000000000000000e+00,0.000000000000000000e+00
0.000000000000000000e+00,0.000000000000000000e+00
0.000000000000000000e+00,0.000000000000000000e+00
1.634071000000000051e+00,0.000000000000000000e+00
-3.332761000000000084e+00,0.000000000000000000e+00
5.419596999999999554e+00,0.000000000000000000e+00
-2.455985000000000085e+00,0.000000000000000000e+00
-3.974031000000000091e+00,0.000000000000000000e+00
6.978200000000001069e-02,0.000000000000000000e+00
-6.746800000000008346e-02,0.000000000000000000e+00
8.401733999999999369e+00,0.000000000000000000e+00
1.348076999999999970e+00,0.000000000000000000e+00
4.672338000000000768e+00,0.000000000000000000e+00
5.106890999999999181e+00,0.000000000000000000e+00
8.686350000000002680e-01,0.000000000000000000e+00
-2.310612999999999584e+00,0.000000000000000000e+00
5.332812999999999803e+00,0.000000000000000000e+00
1.705311000000000021e+00,0.000000000000000000e+00
0.000000000000000000e+00,0.000000000000000000e+00
1.117080000000000073e+00,0.000000000000000000e+00
9.536811999999999401e+00,0.000000000000000000e+00
1.291287000000000296e+00,0.000000000000000000e+00
-9.789990000000008408e-01,0.000000000000000000e+00
-2.061012999999999984e+00,0.000000000000000000e+00
7.435499999999972687e-02,0.000000000000000000e+00
-2.963366999999999862e+00,0.000000000000000000e+00
0.000000000000000000e+00,0.000000000000000000e+00
0.000000000000000000e+00,0.000000000000000000e+00
0.000000000000000000e+00,0.000000000000000000e+00
0.000000000000000000e+00,0.000000000000000000e+00
0.000000000000000000e+00,0.000000000000000000e+00
0.000000000000000000e+00,0.000000000000000000e+00
0.000000000000000000e+00,0.000000000000000000e+00
0.000000000000000000e+00,0.000000000000000000e+00
0.000000000000000000e+00,0.000000000000000000e+00
8.397270000000000678e+00,0.000000000000000000e+00
-5.581046999999999869e+00,0.000000000000000000e+00
-6.098655999999999189e+00,0.000000000000000000e+00
2.287030000000000562e+00,0.000000000000000000e+00
4.099880999999999887e+00,0.000000000000000000e+00
-8.855090000000000572e+00,0.000000000000000000e+00
4.184941000000000244e+00,0.000000000000000000e+00
8.273970000000003822e-01,0.000000000000000000e+00
-6.639499999999998181e-02,0.000000000000000000e+00
-4.180989000000000289e+00,0.000000000000000000e+00
-2.505363999999999258e+00,0.000000000000000000e+00
5.353203999999999851e+00,0.000000000000000000e+00
3.363026000000000071e+00,0.000000000000000000e+00
0.000000000000000000e+00,0.000000000000000000e+00
0.000000000000000000e+00,0.000000000000000000e+00
0.000000000000000000e+00,0.000000000000000000e+00
-6.479395999999999489e+00,0.000000000000000000e+00
-4.577015999999999529e+00,0.000000000000000000e+00
3.295556999999999626e+00,0.000000000000000000e+00
-8.077661000000000868e+00,0.000000000000000000e+00
-3.228936999999999724e+00,0.000000000000000000e+00
7.967895000000000394e+00,0.000000000000000000e+00
7.029231000000000229e+00,0.000000000000000000e+00
7.639695999999999820e+00,0.000000000000000000e+00
-4.342718000000000522e+00,0.000000000000000000e+00
0.000000000000000000e+00,0.000000000000000000e+00
0.000000000000000000e+00,0.000000000000000000e+00
0.000000000000000000e+00,0.000000000000000000e+00
0.000000000000000000e+00,0.000000000000000000e+00
0.000000000000000000e+00,0.000000000000000000e+00
0.000000000000000000e+00,0.000000000000000000e+00
0.000000000000000000e+00,0.000000000000000000e+00
2.362044000000000477e+00,0.000000000000000000e+00
-6.549930000000001584e-01,0.000000000000000000e+00
6.774361999999999995e+00,0.000000000000000000e+00
1.898854999999999738e+00,0.000000000000000000e+00
6.362940000000003593e-01,0.000000000000000000e+00
-4.204638000000000098e+00,0.000000000000000000e+00
-1.621580000000000243e-01,0.000000000000000000e+00
7.106489999999996421e-01,0.000000000000000000e+00
2.831996000000000180e+00,0.000000000000000000e+00
8.235112999999998351e+00,0.000000000000000000e+00
5.129602000000000217e+00,0.000000000000000000e+00
-3.266660999999999593e+00,0.000000000000000000e+00
5.221429999999998017e-01,0.000000000000000000e+00
0.000000000000000000e+00,0.000000000000000000e+00
0.000000000000000000e+00,0.000000000000000000e+00
0.000000000000000000e+00,0.000000000000000000e+00
-7.705169999999998964e-01,0.000000000000000000e+00
-2.121751999999999416e+00,0.000000000000000000e+00
4.707082999999999906e+00,0.000000000000000000e+00
5.688099999999995937e-02,0.000000000000000000e+00
-2.188146999999999842e+00,0.000000000000000000e+00
5.260949999999997573e-01,0.000000000000000000e+00
7.551516000000000339e+00,0.000000000000000000e+00
3.165057000000000009e+00,0.000000000000000000e+00
-6.110880000000000756e+00,0.000000000000000000e+00
0.000000000000000000e+00,0.000000000000000000e+00
0.000000000000000000e+00,0.000000000000000000e+00
0.000000000000000000e+00,0.000000000000000000e+00
0.000000000000000000e+00,0.000000000000000000e+00
0.000000000000000000e+00,0.000000000000000000e+00
0.000000000000000000e+00,0.000000000000000000e+00
0.000000000000000000e+00,0.000000000000000000e+00
1.072121000000000102e+00,0.000000000000000000e+00
-1.411958000000000268e+00,0.000000000000000000e+00
-2.815323000000000242e+00,0.000000000000000000e+00
2.994459999999999233e+00,0.000000000000000000e+00
5.359105000000000452e+00,0.000000000000000000e+00
0.000000000000000000e+00,0.000000000000000000e+00
0.000000000000000000e+00,0.000000000000000000e+00
0.000000000000000000e+00,0.000000000000000000e+00
0.000000000000000000e+00,0.000000000000000000e+00
0.000000000000000000e+00,0.000000000000000000e+00
0.000000000000000000e+00,0.000000000000000000e+00
0.000000000000000000e+00,0.000000000000000000e+00
0.000000000000000000e+00,0.000000000000000000e+00
0.000000000000000000e+00,0.000000000000000000e+00
0.000000000000000000e+00,0.000000000000000000e+00
0.000000000000000000e+00,0.000000000000000000e+00
5.152571999999999264e+00,0.000000000000000000e+00
2.369000000000021089e-02,0.000000000000000000e+00
2.998800000000000132e+00,0.000000000000000000e+00
8.098550000000006577e-01,0.000000000000000000e+00
2.385734000000000243e+00,0.000000000000000000e+00
2.343807000000000862e+00,0.000000000000000000e+00
-2.415783999999999487e+00,0.000000000000000000e+00
4.284587999999999397e+00,0.000000000000000000e+00
2.980100000000000193e+00,0.000000000000000000e+00
0.000000000000000000e+00,0.000000000000000000e+00
0.000000000000000000e+00,0.000000000000000000e+00
0.000000000000000000e+00,0.000000000000000000e+00
0.000000000000000000e+00,0.000000000000000000e+00
0.000000000000000000e+00,0.000000000000000000e+00
0.000000000000000000e+00,0.000000000000000000e+00
0.000000000000000000e+00,0.000000000000000000e+00
-6.620420000000000194e+00,0.000000000000000000e+00
4.122430999999999734e+00,0.000000000000000000e+00
3.690750000000000419e+00,0.000000000000000000e+00
-3.788424999999999709e+00,0.000000000000000000e+00
2.357542999999999722e+00,0.000000000000000000e+00
-1.179649000000000392e+00,0.000000000000000000e+00
2.944913999999999810e+00,0.000000000000000000e+00
0.000000000000000000e+00,0.000000000000000000e+00
0.000000000000000000e+00,0.000000000000000000e+00
0.000000000000000000e+00,0.000000000000000000e+00
0.000000000000000000e+00,0.000000000000000000e+00
0.000000000000000000e+00,0.000000000000000000e+00
0.000000000000000000e+00,0.000000000000000000e+00
0.000000000000000000e+00,0.000000000000000000e+00
0.000000000000000000e+00,0.000000000000000000e+00
0.000000000000000000e+00,0.000000000000000000e+00
2.879685999999999968e+00,0.000000000000000000e+00
-1.950165000000000148e+00,0.000000000000000000e+00
8.231619999999999493e-01,0.000000000000000000e+00
-2.413230999999999682e+00,0.000000000000000000e+00
-1.893285000000000551e+00,0.000000000000000000e+00
-1.364984000000000197e+00,0.000000000000000000e+00
-1.887137999999999760e+00,0.000000000000000000e+00
-4.341768000000000072e+00,0.000000000000000000e+00
1.800071999999999672e+00,0.000000000000000000e+00
0.000000000000000000e+00,0.000000000000000000e+00
0.000000000000000000e+00,0.000000000000000000e+00
0.000000000000000000e+00,0.000000000000000000e+00
0.000000000000000000e+00,0.000000000000000000e+00
0.000000000000000000e+00,0.000000000000000000e+00
0.000000000000000000e+00,0.000000000000000000e+00
0.000000000000000000e+00,0.000000000000000000e+00
2.001983000000000068e+00,0.000000000000000000e+00
-3.269648000000000110e+00,0.000000000000000000e+00
3.881150000000008760e-01,0.000000000000000000e+00
-8.133399999999999519e-01,0.000000000000000000e+00
-2.751879999999999882e-01,0.000000000000000000e+00
-4.252780000000000449e+00,0.000000000000000000e+00
4.339233000000000118e+00,0.000000000000000000e+00
9.748502000000000223e+00,0.000000000000000000e+00
8.746019999999999683e+00,0.000000000000000000e+00
5.149087999999999887e+00,0.000000000000000000e+00
2.134236000000000022e+00,0.000000000000000000e+00
1.089827000000000545e+00,0.000000000000000000e+00
2.733303999999999956e+00,0.000000000000000000e+00
0.000000000000000000e+00,0.000000000000000000e+00
0.000000000000000000e+00,0.000000000000000000e+00
0.000000000000000000e+00,0.000000000000000000e+00
-3.581174999999999997e+00,0.000000000000000000e+00
-5.930072999999999261e+00,0.000000000000000000e+00
-3.887116000000000682e+00,0.000000000000000000e+00
5.412559999999999594e-01,0.000000000000000000e+00
-2.239323000000000174e+00,0.000000000000000000e+00
2.324459000000000053e+00,0.000000000000000000e+00
-7.101200999999999652e+00,0.000000000000000000e+00
6.581027999999999878e+00,0.000000000000000000e+00
-4.730628000000000277e+00,0.000000000000000000e+00
5.778484999999999872e+00,0.000000000000000000e+00
-5.369138000000000410e+00,0.000000000000000000e+00
0.000000000000000000e+00,0.000000000000000000e+00
0.000000000000000000e+00,0.000000000000000000e+00
0.000000000000000000e+00,0.000000000000000000e+00
0.000000000000000000e+00,0.000000000000000000e+00
0.000000000000000000e+00,0.000000000000000000e+00
6.092533999999999672e+00,0.000000000000000000e+00
-6.634745999999999810e+00,0.000000000000000000e+00
2.737577000000000371e+00,0.000000000000000000e+00
-5.272448999999999941e+00,0.000000000000000000e+00
1.478115999999999985e+00,0.000000000000000000e+00
0.000000000000000000e+00,0.000000000000000000e+00
0.000000000000000000e+00,0.000000000000000000e+00
0.000000000000000000e+00,0.000000000000000000e+00
0.000000000000000000e+00,0.000000000000000000e+00
0.000000000000000000e+00,0.000000000000000000e+00
0.000000000000000000e+00,0.000000000000000000e+00
0.000000000000000000e+00,0.000000000000000000e+00
0.000000000000000000e+00,0.000000000000000000e+00
0.000000000000000000e+00,0.000000000000000000e+00
0.000000000000000000e+00,0.000000000000000000e+00
0.000000000000000000e+00,0.000000000000000000e+00
-1.604190000000000893e+00,0.000000000000000000e+00
6.527623000000000175e+00,0.000000000000000000e+00
3.480098999999999609e+00,0.000000000000000000e+00
5.126161000000000634e+00,0.000000000000000000e+00
-3.084262000000000725e+00,0.000000000000000000e+00
2.666760000000000019e+00,0.000000000000000000e+00
-5.149027000000000243e+00,0.000000000000000000e+00
-7.337042999999999537e+00,0.000000000000000000e+00
-2.994008000000000003e+00,0.000000000000000000e+00
-5.400525000000000020e+00,0.000000000000000000e+00
-8.591022999999999854e+00,0.000000000000000000e+00
-7.844919999999999227e+00,0.000000000000000000e+00
-3.266288000000000302e+00,0.000000000000000000e+00
2.498804000000000691e+00,0.000000000000000000e+00
0.000000000000000000e+00,0.000000000000000000e+00
0.000000000000000000e+00,0.000000000000000000e+00
4.888384000000000285e+00,0.000000000000000000e+00
3.152536999999999701e+00,0.000000000000000000e+00
-3.431268000000000207e+00,0.000000000000000000e+00
1.001266999999999907e+00,0.000000000000000000e+00
3.693792000000001075e+00,0.000000000000000000e+00
-5.670592000000000077e+00,0.000000000000000000e+00
3.325725000000000264e+00,0.000000000000000000e+00
-3.407407999999999326e+00,0.000000000000000000e+00
9.104360000000006892e-01,0.000000000000000000e+00
-1.404902000000000095e+00,0.000000000000000000e+00
2.371077999999999797e+00,0.000000000000000000e+00
-4.458700999999999581e+00,0.000000000000000000e+00
0.000000000000000000e+00,0.000000000000000000e+00
0.000000000000000000e+00,0.000000000000000000e+00
0.000000000000000000e+00,0.000000000000000000e+00
0.000000000000000000e+00,0.000000000000000000e+00
-5.312367999999999313e+00,0.000000000000000000e+00
5.736330999999999847e+00,0.000000000000000000e+00
-1.721125000000000682e+00,0.000000000000000000e+00
-5.848180000000000600e-01,0.000000000000000000e+00
-2.785553000000000168e+00,0.000000000000000000e+00
-3.325315000000000243e+00,0.000000000000000000e+00
5.942804999999999893e+00,0.000000000000000000e+00
6.945459999999998857e-01,0.000000000000000000e+00
1.800847000000000087e+00,0.000000000000000000e+00
0.000000000000000000e+00,0.000000000000000000e+00
0.000000000000000000e+00,0.000000000000000000e+00
0.000000000000000000e+00,0.000000000000000000e+00
0.000000000000000000e+00,0.000000000000000000e+00
0.000000000000000000e+00,0.000000000000000000e+00
0.000000000000000000e+00,0.000000000000000000e+00
0.000000000000000000e+00,0.000000000000000000e+00
2.858542999999999612e+00,0.000000000000000000e+00
3.361303999999999625e+00,0.000000000000000000e+00
-3.348181000000000296e+00,0.000000000000000000e+00
5.521499999999999631e+00,0.000000000000000000e+00
3.672969999999999846e-01,0.000000000000000000e+00
1.251295000000000712e+00,0.000000000000000000e+00
6.930477999999999916e+00,0.000000000000000000e+00
2.522375999999999951e+00,0.000000000000000000e+00
7.985006999999999522e+00,0.000000000000000000e+00
-5.707180000000002806e-01,0.000000000000000000e+00
7.410759999999999792e+00,0.000000000000000000e+00
0.000000000000000000e+00,0.000000000000000000e+00
0.000000000000000000e+00,0.000000000000000000e+00
0.000000000000000000e+00,0.000000000000000000e+00
0.000000000000000000e+00,0.000000000000000000e+00
0.000000000000000000e+00,0.000000000000000000e+00
1.137544000000000111e+00,0.000000000000000000e+00
5.998014000000000401e+00,0.000000000000000000e+00
-1.587973000000000079e+00,0.000000000000000000e+00
4.831336000000000297e+00,0.000000000000000000e+00
3.274220000000003239e-01,0.000000000000000000e+00
1.737752999999999659e+00,0.000000000000000000e+00
1.423928999999999334e+00,0.000000000000000000e+00
1.237858000000000125e+00,0.000000000000000000e+00
3.328509999999997859e-01,0.000000000000000000e+00
3.795006000000000324e+00,0.000000000000000000e+00
0.000000000000000000e+00,0.000000000000000000e+00
0.000000000000000000e+00,0.000000000000000000e+00
0.000000000000000000e+00,0.000000000000000000e+00
0.000000000000000000e+00,0.000000000000000000e+00
0.000000000000000000e+00,0.000000000000000000e+00
0.000000000000000000e+00,0.000000000000000000e+00
6.779157000000000544e+00,0.000000000000000000e+00
5.020483999999999725e+00,0.000000000000000000e+00
-4.686630000000002738e-01,0.000000000000000000e+00
-4.941967000000000887e+00,0.000000000000000000e+00
-5.564334999999999809e+00,0.000000000000000000e+00
6.745783999999999558e+00,0.000000000000000000e+00
1.732718000000001091e+00,0.000000000000000000e+00
3.784710000000000574e-01,0.000000000000000000e+00
-2.559670999999999808e+00,0.000000000000000000e+00
-6.466436000000000739e+00,0.000000000000000000e+00
3.237013000000000140e+00,0.000000000000000000e+00
8.016340000000001798e-01,0.000000000000000000e+00
0.000000000000000000e+00,0.000000000000000000e+00
0.000000000000000000e+00,0.000000000000000000e+00
0.000000000000000000e+00,0.000000000000000000e+00
0.000000000000000000e+00,0.000000000000000000e+00
1.853839999999999932e-01,0.000000000000000000e+00
-1.241486000000000089e+00,0.000000000000000000e+00
1.168931000000000164e+00,0.000000000000000000e+00
1.436679999999999957e+00,0.000000000000000000e+00
-4.311008000000000173e+00,0.000000000000000000e+00
3.691305999999999532e+00,0.000000000000000000e+00
-5.783130000000000770e-01,0.000000000000000000e+00
5.118273999999999546e+00,0.000000000000000000e+00
1.102065000000000516e+00,0.000000000000000000e+00
5.592310000000004777e-01,0.000000000000000000e+00
1.116287999999999947e+00,0.000000000000000000e+00
-4.859080000000002286e-01,0.000000000000000000e+00
0.000000000000000000e+00,0.000000000000000000e+00
0.000000000000000000e+00,0.000000000000000000e+00
0.000000000000000000e+00,0.000000000000000000e+00
0.000000000000000000e+00,0.000000000000000000e+00
5.390568000000000026e+00,0.000000000000000000e+00
-8.556289999999998841e+00,0.000000000000000000e+00
1.251844999999999875e+00,0.000000000000000000e+00
-3.185504000000000779e+00,0.000000000000000000e+00
2.681567999999999508e+00,0.000000000000000000e+00
1.584697000000000244e+00,0.000000000000000000e+00
6.095030000000001280e-01,0.000000000000000000e+00
0.000000000000000000e+00,0.000000000000000000e+00
0.000000000000000000e+00,0.000000000000000000e+00
0.000000000000000000e+00,0.000000000000000000e+00
0.000000000000000000e+00,0.000000000000000000e+00
0.000000000000000000e+00,0.000000000000000000e+00
0.000000000000000000e+00,0.000000000000000000e+00
0.000000000000000000e+00,0.000000000000000000e+00
0.000000000000000000e+00,0.000000000000000000e+00
0.000000000000000000e+00,0.000000000000000000e+00
-5.392739999999989209e-01,0.000000000000000000e+00
-3.394820000000000171e+00,0.000000000000000000e+00
-9.859159999999999258e+00,0.000000000000000000e+00
-5.481241000000000696e+00,0.000000000000000000e+00
1.040845000000000020e+00,0.000000000000000000e+00
6.886624000000000301e+00,0.000000000000000000e+00
-3.748523000000000049e+00,0.000000000000000000e+00
1.419316000000000244e+00,0.000000000000000000e+00
4.326953999999999745e+00,0.000000000000000000e+00
-2.149589999999994561e-01,0.000000000000000000e+00
0.000000000000000000e+00,0.000000000000000000e+00
0.000000000000000000e+00,0.000000000000000000e+00
0.000000000000000000e+00,0.000000000000000000e+00
0.000000000000000000e+00,0.000000000000000000e+00
0.000000000000000000e+00,0.000000000000000000e+00
0.000000000000000000e+00,0.000000000000000000e+00
-5.343671000000000504e+00,0.000000000000000000e+00
5.128587000000000451e+00,0.000000000000000000e+00
-2.957399999999998919e-02,0.000000000000000000e+00
3.414842999999999851e+00,0.000000000000000000e+00
-3.702482999999999524e+00,0.000000000000000000e+00
1.407105000000000050e+00,0.000000000000000000e+00
-8.961649999999998784e-01,0.000000000000000000e+00
-1.117699999999999250e-02,0.000000000000000000e+00
0.000000000000000000e+00,0.000000000000000000e+00
0.000000000000000000e+00,0.000000000000000000e+00
0.000000000000000000e+00,0.000000000000000000e+00
0.000000000000000000e+00,0.000000000000000000e+00
0.000000000000000000e+00,0.000000000000000000e+00
0.000000000000000000e+00,0.000000000000000000e+00
0.000000000000000000e+00,0.000000000000000000e+00
0.000000000000000000e+00,0.000000000000000000e+00
8.287930000000001129e-01,0.000000000000000000e+00
-5.777889999999999304e+00,0.000000000000000000e+00
1.090888000000000080e+00,0.000000000000000000e+00
1.388023999999999702e+00,0.000000000000000000e+00
5.338397000000000503e+00,0.000000000000000000e+00
6.049799999999994071e-01,0.000000000000000000e+00
-3.221408999999999967e+00,0.000000000000000000e+00
6.782108000000000914e+00,0.000000000000000000e+00
1.856825999999999866e+00,0.000000000000000000e+00
0.000000000000000000e+00,0.000000000000000000e+00
0.000000000000000000e+00,0.000000000000000000e+00
0.000000000000000000e+00,0.000000000000000000e+00
0.000000000000000000e+00,0.000000000000000000e+00
0.000000000000000000e+00,0.000000000000000000e+00
0.000000000000000000e+00,0.000000000000000000e+00
0.000000000000000000e+00,0.000000000000000000e+00
3.593087999999999838e+00,0.000000000000000000e+00
-5.363249999999997186e-01,0.000000000000000000e+00
3.441522000000000414e+00,0.000000000000000000e+00
-5.797408999999999146e+00,0.000000000000000000e+00
-1.075599999999999667e+00,0.000000000000000000e+00
4.670200000000002127e-02,0.000000000000000000e+00
0.000000000000000000e+00,0.000000000000000000e+00
0.000000000000000000e+00,0.000000000000000000e+00
0.000000000000000000e+00,0.000000000000000000e+00
0.000000000000000000e+00,0.000000000000000000e+00
0.000000000000000000e+00,0.000000000000000000e+00
0.000000000000000000e+00,0.000000000000000000e+00
0.000000000000000000e+00,0.000000000000000000e+00
0.000000000000000000e+00,0.000000000000000000e+00
0.000000000000000000e+00,0.000000000000000000e+00
0.000000000000000000e+00,0.000000000000000000e+00
-5.656569000000001068e+00,0.000000000000000000e+00
3.443158999999999637e+00,0.000000000000000000e+00
1.087546999999999819e+00,0.000000000000000000e+00
-8.769945999999999131e+00,0.000000000000000000e+00
-3.053649999999998865e-01,0.000000000000000000e+00
2.506861999999999924e+00,0.000000000000000000e+00
5.557008000000000614e+00,0.000000000000000000e+00
-5.203230000000003130e-01,0.000000000000000000e+00
-2.836809000000000580e+00,0.000000000000000000e+00
6.855950000000001765e-01,0.000000000000000000e+00
-5.498970000000005243e-01,0.000000000000000000e+00
5.780340000000001588e-01,0.000000000000000000e+00
-3.016887000000000096e+00,0.000000000000000000e+00
8.572090000000001098e-01,0.000000000000000000e+00
9.681868999999998948e+00,0.000000000000000000e+00
0.000000000000000000e+00,0.000000000000000000e+00
-3.028065000000000229e+00,0.000000000000000000e+00
1.686001000000000083e+00,0.000000000000000000e+00
-6.096021000000000356e+00,0.000000000000000000e+00
-1.937176999999999927e+00,0.000000000000000000e+00
3.074025999999999481e+00,0.000000000000000000e+00
9.242376000000000147e+00,0.000000000000000000e+00
8.667804000000000286e+00,0.000000000000000000e+00
-1.473829999999995977e-01,0.000000000000000000e+00
6.024481999999999893e+00,0.000000000000000000e+00
5.246300000000000407e-01,0.000000000000000000e+00
0.000000000000000000e+00,0.000000000000000000e+00
0.000000000000000000e+00,0.000000000000000000e+00
0.000000000000000000e+00,0.000000000000000000e+00
0.000000000000000000e+00,0.000000000000000000e+00
0.000000000000000000e+00,0.000000000000000000e+00
0.000000000000000000e+00,0.000000000000000000e+00
3.445705000000000240e+00,0.000000000000000000e+00
-4.511841999999999686e+00,0.000000000000000000e+00
3.966151999999999678e+00,0.000000000000000000e+00
7.648295000000000066e+00,0.000000000000000000e+00
4.412558000000000646e+00,0.000000000000000000e+00
4.012852999999999781e+00,0.000000000000000000e+00
0.000000000000000000e+00,0.000000000000000000e+00
0.000000000000000000e+00,0.000000000000000000e+00
0.000000000000000000e+00,0.000000000000000000e+00
0.000000000000000000e+00,0.000000000000000000e+00
0.000000000000000000e+00,0.000000000000000000e+00
0.000000000000000000e+00,0.000000000000000000e+00
0.000000000000000000e+00,0.000000000000000000e+00
0.000000000000000000e+00,0.000000000000000000e+00
0.000000000000000000e+00,0.000000000000000000e+00
0.000000000000000000e+00,0.000000000000000000e+00
1.991727000000000025e+00,0.000000000000000000e+00
7.855716000000000143e+00,0.000000000000000000e+00
5.100400999999999740e+00,0.000000000000000000e+00
-6.778219999999999246e+00,0.000000000000000000e+00
7.550352999999999426e+00,0.000000000000000000e+00
7.607262999999999664e+00,0.000000000000000000e+00
-1.221211000000000269e+00,0.000000000000000000e+00
-2.969971000000000139e+00,0.000000000000000000e+00
4.770452999999999832e+00,0.000000000000000000e+00
-5.356160000000000920e-01,0.000000000000000000e+00
0.000000000000000000e+00,0.000000000000000000e+00
0.000000000000000000e+00,0.000000000000000000e+00
0.000000000000000000e+00,0.000000000000000000e+00
0.000000000000000000e+00,0.000000000000000000e+00
0.000000000000000000e+00,0.000000000000000000e+00
0.000000000000000000e+00,0.000000000000000000e+00
-3.519867000000000079e+00,0.000000000000000000e+00
5.348487999999999687e+00,0.000000000000000000e+00
-3.552504000000000772e+00,0.000000000000000000e+00
-2.662659999999999805e+00,0.000000000000000000e+00
5.030356999999999523e+00,0.000000000000000000e+00
3.419432000000000471e+00,0.000000000000000000e+00
-9.766580000000000261e-01,0.000000000000000000e+00
-1.065664999999999862e+00,0.000000000000000000e+00
1.482253999999999294e+00,0.000000000000000000e+00
2.097367999999999455e+00,0.000000000000000000e+00
-1.823289000000000160e+00,0.000000000000000000e+00
0.000000000000000000e+00,0.000000000000000000e+00
0.000000000000000000e+00,0.000000000000000000e+00
0.000000000000000000e+00,0.000000000000000000e+00
0.000000000000000000e+00,0.000000000000000000e+00
0.000000000000000000e+00,0.000000000000000000e+00
1.500579999999995806e-01,0.000000000000000000e+00
1.949984999999999413e+00,0.000000000000000000e+00
4.201192999999999067e+00,0.000000000000000000e+00
6.746879999999997324e-01,0.000000000000000000e+00
-4.604309999999999903e+00,0.000000000000000000e+00
-3.106499999999998707e-01,0.000000000000000000e+00
4.640839000000000603e+00,0.000000000000000000e+00
-6.956013000000000446e+00,0.000000000000000000e+00
-5.898090999999999973e+00,0.000000000000000000e+00
-1.346307999999999616e+00,0.000000000000000000e+00
0.000000000000000000e+00,0.000000000000000000e+00
0.000000000000000000e+00,0.000000000000000000e+00
0.000000000000000000e+00,0.000000000000000000e+00
0.000000000000000000e+00,0.000000000000000000e+00
0.000000000000000000e+00,0.000000000000000000e+00
0.000000000000000000e+00,0.000000000000000000e+00
-4.964287000000000560e+00,0.000000000000000000e+00
1.957625999999999422e+00,0.000000000000000000e+00
3.754092000000000873e+00,0.000000000000000000e+00
-1.742505000000000415e+00,0.000000000000000000e+00
-4.920220000000004035e-01,0.000000000000000000e+00
1.361355000000000537e+00,0.000000000000000000e+00
-2.963716999999999935e+00,0.000000000000000000e+00
-3.461993999999999794e+00,0.000000000000000000e+00
-3.868190999999999935e+00,0.000000000000000000e+00
6.500668000000000113e+00,0.000000000000000000e+00
3.018138999999999683e+00,0.000000000000000000e+00
1.480296000000000056e+00,0.000000000000000000e+00
0.000000000000000000e+00,0.000000000000000000e+00
0.000000000000000000e+00,0.000000000000000000e+00
0.000000000000000000e+00,0.000000000000000000e+00
0.000000000000000000e+00,0.000000000000000000e+00
-7.051835000000000520e+00,0.000000000000000000e+00
3.554790000000000449e-01,0.000000000000000000e+00
-3.489346999999999532e+00,0.000000000000000000e+00
6.367595999999999812e+00,0.000000000000000000e+00
-6.211790000000001477e-01,0.000000000000000000e+00
-4.555011999999999617e+00,0.000000000000000000e+00
-2.150149999999999562e+00,0.000000000000000000e+00
-8.523811000000000249e+00,0.000000000000000000e+00
3.621698000000000306e+00,0.000000000000000000e+00
7.999908999999999715e+00,0.000000000000000000e+00
3.426173999999999609e+00,0.000000000000000000e+00
0.000000000000000000e+00,0.000000000000000000e+00
0.000000000000000000e+00,0.000000000000000000e+00
0.000000000000000000e+00,0.000000000000000000e+00
0.000000000000000000e+00,0.000000000000000000e+00
0.000000000000000000e+00,0.000000000000000000e+00
-2.177109000000000183e+00,0.000000000000000000e+00
-1.325402999999999665e+00,0.000000000000000000e+00
-1.178135000000000154e+00,0.000000000000000000e+00
-2.487758000000000358e+00,0.000000000000000000e+00
-6.684565000000000978e+00,0.000000000000000000e+00
1.865851000000000148e+00,0.000000000000000000e+00
1.614149000000000278e+00,0.000000000000000000e+00
1.969127999999999545e+00,0.000000000000000000e+00
-3.098435000000000272e+00,0.000000000000000000e+00
3.571774999999999700e+00,0.000000000000000000e+00
-4.276780000000000470e+00,0.000000000000000000e+00
0.000000000000000000e+00,0.000000000000000000e+00
0.000000000000000000e+00,0.000000000000000000e+00
0.000000000000000000e+00,0.000000000000000000e+00
0.000000000000000000e+00,0.000000000000000000e+00
0.000000000000000000e+00,0.000000000000000000e+00
5.159059000000000061e+00,0.000000000000000000e+00
3.079752000000000045e+00,0.000000000000000000e+00
-2.915424999999999933e+00,0.000000000000000000e+00
2.195343000000000266e+00,0.000000000000000000e+00
-3.822420000000006368e-01,0.000000000000000000e+00
3.216384000000000576e+00,0.000000000000000000e+00
8.696009999999999351e+00,0.000000000000000000e+00
0.000000000000000000e+00,0.000000000000000000e+00
0.000000000000000000e+00,0.000000000000000000e+00
0.000000000000000000e+00,0.000000000000000000e+00
0.000000000000000000e+00,0.000000000000000000e+00
0.000000000000000000e+00,0.000000000000000000e+00
0.000000000000000000e+00,0.000000000000000000e+00
0.000000000000000000e+00,0.000000000000000000e+00
0.000000000000000000e+00,0.000000000000000000e+00
0.000000000000000000e+00,0.000000000000000000e+00
2.635896000000000239e+00,0.000000000000000000e+00
4.696679000000000492e+00,0.000000000000000000e+00
-8.355825999999998643e+00,0.000000000000000000e+00
2.991375999999999813e+00,0.000000000000000000e+00
-8.792667999999999040e+00,0.000000000000000000e+00
-1.988229999999999720e+00,0.000000000000000000e+00
2.370197000000000109e+00,0.000000000000000000e+00
-3.347679000000000293e+00,0.000000000000000000e+00
-4.138379000000000474e+00,0.000000000000000000e+00
3.846386999999999112e+00,0.000000000000000000e+00
0.000000000000000000e+00,0.000000000000000000e+00
0.000000000000000000e+00,0.000000000000000000e+00
0.000000000000000000e+00,0.000000000000000000e+00
0.000000000000000000e+00,0.000000000000000000e+00
0.000000000000000000e+00,0.000000000000000000e+00
0.000000000000000000e+00,0.000000000000000000e+00
2.740190000000000126e-01,0.000000000000000000e+00
-6.138469999999999871e+00,0.000000000000000000e+00
-2.727440000000000531e+00,0.000000000000000000e+00
8.096910000000001162e+00,0.000000000000000000e+00
2.536125000000000185e+00,0.000000000000000000e+00
-3.905574999999999797e+00,0.000000000000000000e+00
-4.390849000000000224e+00,0.000000000000000000e+00
5.851559999999999206e+00,0.000000000000000000e+00
-2.039723999999999648e+00,0.000000000000000000e+00
-2.776699000000000250e+00,0.000000000000000000e+00
0.000000000000000000e+00,0.000000000000000000e+00
0.000000000000000000e+00,0.000000000000000000e+00
0.000000000000000000e+00,0.000000000000000000e+00
0.000000000000000000e+00,0.000000000000000000e+00
0.000000000000000000e+00,0.000000000000000000e+00
0.000000000000000000e+00,0.000000000000000000e+00
-2.179311999999999916e+00,0.000000000000000000e+00
-5.138158999999999921e+00,0.000000000000000000e+00
7.950749999999997542e-01,0.000000000000000000e+00
3.543909000000001086e+00,0.000000000000000000e+00
2.089900000000000091e-02,0.000000000000000000e+00
-6.125173000000000201e+00,0.000000000000000000e+00
-9.371515999999999735e+00,0.000000000000000000e+00
2.216241999999999379e+00,0.000000000000000000e+00
3.492585000000000051e+00,0.000000000000000000e+00
3.844867000000000257e+00,0.000000000000000000e+00
0.000000000000000000e+00,0.000000000000000000e+00
0.000000000000000000e+00,0.000000000000000000e+00
0.000000000000000000e+00,0.000000000000000000e+00
0.000000000000000000e+00,0.000000000000000000e+00
0.000000000000000000e+00,0.000000000000000000e+00
0.000000000000000000e+00,0.000000000000000000e+00
9.122519999999996188e-01,0.000000000000000000e+00
-3.871517999999999571e+00,0.000000000000000000e+00
-1.458453000000000443e+00,0.000000000000000000e+00
2.556426000000000087e+00,0.000000000000000000e+00
-8.801429999999994536e-01,0.000000000000000000e+00
-2.511199999999993437e-01,0.000000000000000000e+00
5.681960000000003674e-01,0.000000000000000000e+00
1.490054999999999907e+00,0.000000000000000000e+00
6.401199000000000083e+00,0.000000000000000000e+00
-3.570183000000000106e+00,0.000000000000000000e+00
-4.663558999999999344e+00,0.000000000000000000e+00
-3.324781999999999016e+00,0.000000000000000000e+00
2.913459999999998828e-01,0.000000000000000000e+00
0.000000000000000000e+00,0.000000000000000000e+00
0.000000000000000000e+00,0.000000000000000000e+00
0.000000000000000000e+00,0.000000000000000000e+00
2.609001000000000126e+00,0.000000000000000000e+00
4.772127999999999481e+00,0.000000000000000000e+00
-7.172528000000000681e+00,0.000000000000000000e+00
-1.296573999999999671e+00,0.000000000000000000e+00
3.812790000000000346e-01,0.000000000000000000e+00
-1.320968000000000142e+00,0.000000000000000000e+00
6.663702999999999932e+00,0.000000000000000000e+00
-2.395420000000000105e+00,0.000000000000000000e+00
-3.500278000000000667e+00,0.000000000000000000e+00
0.000000000000000000e+00,0.000000000000000000e+00
0.000000000000000000e+00,0.000000000000000000e+00
0.000000000000000000e+00,0.000000000000000000e+00
0.000000000000000000e+00,0.000000000000000000e+00
0.000000000000000000e+00,0.000000000000000000e+00
0.000000000000000000e+00,0.000000000000000000e+00
0.000000000000000000e+00,0.000000000000000000e+00
1.525543000000000093e+00,0.000000000000000000e+00
-1.600344999999999018e+00,0.000000000000000000e+00
4.363000000000027967e-02,0.000000000000000000e+00
1.546441999999999872e+00,0.000000000000000000e+00
2.274481999999999005e+00,0.000000000000000000e+00
6.721129999999999605e-01,0.000000000000000000e+00
3.762685999999999531e+00,0.000000000000000000e+00
5.767068000000000083e+00,0.000000000000000000e+00
-5.483019000000000531e+00,0.000000000000000000e+00
-5.325062000000000850e+00,0.000000000000000000e+00
1.895548999999999928e+00,0.000000000000000000e+00
0.000000000000000000e+00,0.000000000000000000e+00
0.000000000000000000e+00,0.000000000000000000e+00
0.000000000000000000e+00,0.000000000000000000e+00
0.000000000000000000e+00,0.000000000000000000e+00
0.000000000000000000e+00,0.000000000000000000e+00
3.058528000000000358e+00,0.000000000000000000e+00
7.231363999999999237e+00,0.000000000000000000e+00
1.015406000000000031e+00,0.000000000000000000e+00
-7.192592999999998682e+00,0.000000000000000000e+00
-2.200438000000000116e+00,0.000000000000000000e+00
2.505460999999999938e+00,0.000000000000000000e+00
-7.913930000000000131e-01,0.000000000000000000e+00
4.229378999999999778e+00,0.000000000000000000e+00
0.000000000000000000e+00,0.000000000000000000e+00
0.000000000000000000e+00,0.000000000000000000e+00
0.000000000000000000e+00,0.000000000000000000e+00
0.000000000000000000e+00,0.000000000000000000e+00
0.000000000000000000e+00,0.000000000000000000e+00
0.000000000000000000e+00,0.000000000000000000e+00
0.000000000000000000e+00,0.000000000000000000e+00
0.000000000000000000e+00,0.000000000000000000e+00
-2.158098000000000738e+00,0.000000000000000000e+00
5.883824999999999861e+00,0.000000000000000000e+00
-5.479274999999999451e+00,0.000000000000000000e+00
4.509030000000002758e-01,0.000000000000000000e+00
6.559529999999997862e-01,0.000000000000000000e+00
-2.651802999999999244e+00,0.000000000000000000e+00
-8.456719999999999793e-01,0.000000000000000000e+00
1.037231000000000236e+00,0.000000000000000000e+00
-3.972770000000000579e+00,0.000000000000000000e+00
-4.181968999999999603e+00,0.000000000000000000e+00
-1.358189000000000313e+00,0.000000000000000000e+00
0.000000000000000000e+00,0.000000000000000000e+00
0.000000000000000000e+00,0.000000000000000000e+00
0.000000000000000000e+00,0.000000000000000000e+00
0.000000000000000000e+00,0.000000000000000000e+00
0.000000000000000000e+00,0.000000000000000000e+00
-7.473049999999999748e+00,0.000000000000000000e+00
-2.656425000000000036e+00,0.000000000000000000e+00
-2.958533999999999775e+00,0.000000000000000000e+00
2.570580000000000087e+00,0.000000000000000000e+00
-1.109982999999999720e+00,0.000000000000000000e+00
-6.840520000000003265e-01,0.000000000000000000e+00
3.242694000000000187e+00,0.000000000000000000e+00
2.652703000000000255e+00,0.000000000000000000e+00
5.083015000000000505e+00,0.000000000000000000e+00
-2.240326000000000484e+00,0.000000000000000000e+00
0.000000000000000000e+00,0.000000000000000000e+00
0.000000000000000000e+00,0.000000000000000000e+00
0.000000000000000000e+00,0.000000000000000000e+00
0.000000000000000000e+00,0.000000000000000000e+00
0.000000000000000000e+00,0.000000000000000000e+00
0.000000000000000000e+00,0.000000000000000000e+00
7.327641000000000737e+00,0.000000000000000000e+00
-3.021437000000000594e+00,0.000000000000000000e+00
8.182030000000000136e-01,0.000000000000000000e+00
4.559003999999999834e+00,0.000000000000000000e+00
-2.006029999999999980e+00,0.000000000000000000e+00
3.625609999999999999e+00,0.000000000000000000e+00
0.000000000000000000e+00,0.000000000000000000e+00
0.000000000000000000e+00,0.000000000000000000e+00
0.000000000000000000e+00,0.000000000000000000e+00
0.000000000000000000e+00,0.000000000000000000e+00
0.000000000000000000e+00,0.000000000000000000e+00
0.000000000000000000e+00,0.000000000000000000e+00
0.000000000000000000e+00,0.000000000000000000e+00
0.000000000000000000e+00,0.000000000000000000e+00
0.000000000000000000e+00,0.000000000000000000e+00
0.000000000000000000e+00,0.000000000000000000e+00
2.358565999999998830e+00,0.000000000000000000e+00
4.994300000000002626e-01,0.000000000000000000e+00
2.834216999999999764e+00,0.000000000000000000e+00
-3.412054000000000364e+00,0.000000000000000000e+00
-1.658668000000000475e+00,0.000000000000000000e+00
-1.281957000000000235e+00,0.000000000000000000e+00
1.108670999999999296e+00,0.000000000000000000e+00
-1.207767000000000479e+00,0.000000000000000000e+00
-6.260050000000001447e-01,0.000000000000000000e+00
-1.543132999999999866e+00,0.000000000000000000e+00
0.000000000000000000e+00,0.000000000000000000e+00
0.000000000000000000e+00,0.000000000000000000e+00
0.000000000000000000e+00,0.000000000000000000e+00
0.000000000000000000e+00,0.000000000000000000e+00
0.000000000000000000e+00,0.000000000000000000e+00
0.000000000000000000e+00,0.000000000000000000e+00
-2.053437999999999874e+00,0.000000000000000000e+00
4.112280000000000380e-01,0.000000000000000000e+00
4.484095999999999194e+00,0.000000000000000000e+00
-6.235408000000000506e+00,0.000000000000000000e+00
-9.469599999999998019e-01,0.000000000000000000e+00
-2.988954000000000555e+00,0.000000000000000000e+00
1.108166999999999902e+00,0.000000000000000000e+00
-3.905495000000000161e+00,0.000000000000000000e+00
0.000000000000000000e+00,0.000000000000000000e+00
0.000000000000000000e+00,0.000000000000000000e+00
0.000000000000000000e+00,0.000000000000000000e+00
0.000000000000000000e+00,0.000000000000000000e+00
0.000000000000000000e+00,0.000000000000000000e+00
0.000000000000000000e+00,0.000000000000000000e+00
0.000000000000000000e+00,0.000000000000000000e+00
0.000000000000000000e+00,0.000000000000000000e+00
-4.183740000000000236e-01,0.000000000000000000e+00
-1.815999999999817760e-03,0.000000000000000000e+00
-4.589547999999999739e+00,0.000000000000000000e+00
2.824320000000000164e+00,0.000000000000000000e+00
2.650886999999999993e+00,0.000000000000000000e+00
4.934670000000001000e-01,0.000000000000000000e+00
5.839959999999999596e-01,0.000000000000000000e+00
-2.147300000000029740e-02,0.000000000000000000e+00
7.472030000000000172e+00,0.000000000000000000e+00
1.402199000000000417e+00,0.000000000000000000e+00
-5.462467000000000183e+00,0.000000000000000000e+00
5.465999000000000052e+00,0.000000000000000000e+00
-4.972190999999999583e+00,0.000000000000000000e+00
-3.103901000000000021e+00,0.000000000000000000e+00
0.000000000000000000e+00,0.000000000000000000e+00
0.000000000000000000e+00,0.000000000000000000e+00
-4.034569999999999546e+00,0.000000000000000000e+00
7.862028000000000461e+00,0.000000000000000000e+00
3.484043000000000223e+00,0.000000000000000000e+00
4.306760000000000588e+00,0.000000000000000000e+00
-3.419931000000000054e+00,0.000000000000000000e+00
-5.407286000000000037e+00,0.000000000000000000e+00
3.098992999999999665e+00,0.000000000000000000e+00
5.954065999999999192e+00,0.000000000000000000e+00
3.049580999999999875e+00,0.000000000000000000e+00
0.000000000000000000e+00,0.000000000000000000e+00
0.000000000000000000e+00,0.000000000000000000e+00
0.000000000000000000e+00,0.000000000000000000e+00
0.000000000000000000e+00,0.000000000000000000e+00
0.000000000000000000e+00,0.000000000000000000e+00
0.000000000000000000e+00,0.000000000000000000e+00
0.000000000000000000e+00,0.000000000000000000e+00
1.045554999999999346e+00,0.000000000000000000e+00
6.365294000000000452e+00,0.000000000000000000e+00
-2.466323000000000043e+00,0.000000000000000000e+00
4.810146999999999728e+00,0.000000000000000000e+00
5.418332999999999622e+00,0.000000000000000000e+00
4.544723999999999542e+00,0.000000000000000000e+00
-4.081686999999999621e+00,0.000000000000000000e+00
1.512838000000000349e+00,0.000000000000000000e+00
4.126350999999999658e+00,0.000000000000000000e+00
5.916497000000000561e+00,0.000000000000000000e+00
6.923289999999999722e+00,0.000000000000000000e+00
-3.049328999999999290e+00,0.000000000000000000e+00
0.000000000000000000e+00,0.000000000000000000e+00
0.000000000000000000e+00,0.000000000000000000e+00
0.000000000000000000e+00,0.000000000000000000e+00
0.000000000000000000e+00,0.000000000000000000e+00
-1.432616000000000334e+00,0.000000000000000000e+00
7.416757000000000488e+00,0.000000000000000000e+00
7.534666999999999781e+00,0.000000000000000000e+00
-1.454089000000000187e+00,0.000000000000000000e+00
4.888787000000000660e+00,0.000000000000000000e+00
-1.063134999999999941e+00,0.000000000000000000e+00
3.083443000000000378e+00,0.000000000000000000e+00
3.547869999999999635e-01,0.000000000000000000e+00
3.964673000000000336e+00,0.000000000000000000e+00
-2.045800000000053132e-02,0.000000000000000000e+00
-3.679783000000000470e+00,0.000000000000000000e+00
1.826699999999999768e+00,0.000000000000000000e+00
0.000000000000000000e+00,0.000000000000000000e+00
0.000000000000000000e+00,0.000000000000000000e+00
0.000000000000000000e+00,0.000000000000000000e+00
0.000000000000000000e+00,0.000000000000000000e+00
3.463586000000000276e+00,0.000000000000000000e+00
6.269769999999998955e-01,0.000000000000000000e+00
-1.593229999999999258e+00,0.000000000000000000e+00
8.056300000000000239e+00,0.000000000000000000e+00
3.725968999999999198e+00,0.000000000000000000e+00
4.360835999999999935e+00,0.000000000000000000e+00
1.105880999999999670e+00,0.000000000000000000e+00
0.000000000000000000e+00,0.000000000000000000e+00
0.000000000000000000e+00,0.000000000000000000e+00
0.000000000000000000e+00,0.000000000000000000e+00
0.000000000000000000e+00,0.000000000000000000e+00
0.000000000000000000e+00,0.000000000000000000e+00
0.000000000000000000e+00,0.000000000000000000e+00
0.000000000000000000e+00,0.000000000000000000e+00
0.000000000000000000e+00,0.000000000000000000e+00
0.000000000000000000e+00,0.000000000000000000e+00
4.771523999999999432e+00,0.000000000000000000e+00
7.261299999999994981e-01,0.000000000000000000e+00
-1.360441999999999929e+00,0.000000000000000000e+00
-4.183289999999999509e-01,0.000000000000000000e+00
-3.855537999999999688e+00,0.000000000000000000e+00
3.184282000000000057e+00,0.000000000000000000e+00
-4.500016000000000460e+00,0.000000000000000000e+00
-2.342700000000000671e+00,0.000000000000000000e+00
-2.689366999999999841e+00,0.000000000000000000e+00
1.416481000000000101e+00,0.000000000000000000e+00
0.000000000000000000e+00,0.000000000000000000e+00
0.000000000000000000e+00,0.000000000000000000e+00
0.000000000000000000e+00,0.000000000000000000e+00
0.000000000000000000e+00,0.000000000000000000e+00
0.000000000000000000e+00,0.000000000000000000e+00
0.000000000000000000e+00,0.000000000000000000e+00
4.580591000000000079e+00,0.000000000000000000e+00
-5.738697000000000159e+00,0.000000000000000000e+00
-1.613499999999934431e-02,0.000000000000000000e+00
1.997347999999999679e+00,0.000000000000000000e+00
-8.204029999999999490e+00,0.000000000000000000e+00
-1.470221999999999696e+00,0.000000000000000000e+00
-3.113864999999999661e+00,0.000000000000000000e+00
7.328349999999996811e-01,0.000000000000000000e+00
1.613221000000000238e+00,0.000000000000000000e+00
-2.759076999999999558e+00,0.000000000000000000e+00
-5.302491999999999983e+00,0.000000000000000000e+00
0.000000000000000000e+00,0.000000000000000000e+00
0.000000000000000000e+00,0.000000000000000000e+00
0.000000000000000000e+00,0.000000000000000000e+00
0.000000000000000000e+00,0.000000000000000000e+00
0.000000000000000000e+00,0.000000000000000000e+00
1.592763999999999847e+00,0.000000000000000000e+00
3.561139999999999972e+00,0.000000000000000000e+00
-3.475792000000000215e+00,0.000000000000000000e+00
5.056351000000000262e+00,0.000000000000000000e+00
4.188116000000000838e+00,0.000000000000000000e+00
4.930979000000000667e+00,0.000000000000000000e+00
3.112649999999999917e+00,0.000000000000000000e+00
-2.085913999999999824e+00,0.000000000000000000e+00
-7.081859999999995381e-01,0.000000000000000000e+00
4.218531999999999726e+00,0.000000000000000000e+00
0.000000000000000000e+00,0.000000000000000000e+00
0.000000000000000000e+00,0.000000000000000000e+00
0.000000000000000000e+00,0.000000000000000000e+00
0.000000000000000000e+00,0.000000000000000000e+00
0.000000000000000000e+00,0.000000000000000000e+00
0.000000000000000000e+00,0.000000000000000000e+00
-7.314390999999999643e+00,0.000000000000000000e+00
1.794400000000007100e-02,0.000000000000000000e+00
2.858089000000000546e+00,0.000000000000000000e+00
2.267281000000000102e+00,0.000000000000000000e+00
-3.837593000000000032e+00,0.000000000000000000e+00
-3.957629999999999981e+00,0.000000000000000000e+00
-2.232734999999999914e+00,0.000000000000000000e+00
3.819705999999999158e+00,0.000000000000000000e+00
3.353003000000000178e+00,0.000000000000000000e+00
-8.162549999999999528e-01,0.000000000000000000e+00
-1.599701999999999735e+00,0.000000000000000000e+00
7.614307000000000158e+00,0.000000000000000000e+00
9.167612000000000094e+00,0.000000000000000000e+00
3.976459999999999440e-01,0.000000000000000000e+00
-5.897239999999985827e-01,0.000000000000000000e+00
-2.302613000000000021e+00,0.000000000000000000e+00
-2.716218999999999717e+00,0.000000000000000000e+00
0.000000000000000000e+00,0.000000000000000000e+00
0.000000000000000000e+00,0.000000000000000000e+00
0.000000000000000000e+00,0.000000000000000000e+00
0.000000000000000000e+00,0.000000000000000000e+00
0.000000000000000000e+00,0.000000000000000000e+00
0.000000000000000000e+00,0.000000000000000000e+00
0.000000000000000000e+00,0.000000000000000000e+00
0.000000000000000000e+00,0.000000000000000000e+00
0.000000000000000000e+00,0.000000000000000000e+00
0.000000000000000000e+00,0.000000000000000000e+00
0.000000000000000000e+00,0.000000000000000000e+00
0.000000000000000000e+00,0.000000000000000000e+00
0.000000000000000000e+00,0.000000000000000000e+00
0.000000000000000000e+00,0.000000000000000000e+00
0.000000000000000000e+00,0.000000000000000000e+00
1.431110000000002103e-01,0.000000000000000000e+00
-6.893910000000000871e-01,0.000000000000000000e+00
4.524702999999999697e+00,0.000000000000000000e+00
4.840619000000000227e+00,0.000000000000000000e+00
9.033740000000003434e-01,0.000000000000000000e+00
8.085843000000000558e+00,0.000000000000000000e+00
1.364827999999999264e+00,0.000000000000000000e+00
-4.040275000000000283e+00,0.000000000000000000e+00
2.273960000000000203e+00,0.000000000000000000e+00
0.000000000000000000e+00,0.000000000000000000e+00
0.000000000000000000e+00,0.000000000000000000e+00
0.000000000000000000e+00,0.000000000000000000e+00
0.000000000000000000e+00,0.000000000000000000e+00
0.000000000000000000e+00,0.000000000000000000e+00
0.000000000000000000e+00,0.000000000000000000e+00
0.000000000000000000e+00,0.000000000000000000e+00
6.295806000000000680e+00,0.000000000000000000e+00
-9.276249999999999218e-01,0.000000000000000000e+00
1.880450000000006838e-01,0.000000000000000000e+00
-4.412378999999999607e+00,0.000000000000000000e+00
3.290905000000000413e+00,0.000000000000000000e+00
2.873655000000000292e+00,0.000000000000000000e+00
-4.394434999999999647e+00,0.000000000000000000e+00
-3.851006000000000817e+00,0.000000000000000000e+00
5.140935999999999950e+00,0.000000000000000000e+00
1.767971000000000181e+00,0.000000000000000000e+00
0.000000000000000000e+00,0.000000000000000000e+00
0.000000000000000000e+00,0.000000000000000000e+00
0.000000000000000000e+00,0.000000000000000000e+00
0.000000000000000000e+00,0.000000000000000000e+00
0.000000000000000000e+00,0.000000000000000000e+00
0.000000000000000000e+00,0.000000000000000000e+00
2.191365999999999481e+00,0.000000000000000000e+00
-7.091799000000000852e+00,0.000000000000000000e+00
-4.412322000000000521e+00,0.000000000000000000e+00
-4.455631000000000341e+00,0.000000000000000000e+00
2.091946000000000083e+00,0.000000000000000000e+00
3.987975999999999743e+00,0.000000000000000000e+00
-6.841325000000000323e+00,0.000000000000000000e+00
1.259557000000000038e+00,0.000000000000000000e+00
4.385620999999999547e+00,0.000000000000000000e+00
-7.431047000000000402e+00,0.000000000000000000e+00
-1.043054000000000148e+00,0.000000000000000000e+00
1.669402000000000053e+00,0.000000000000000000e+00
2.712063999999999808e+00,0.000000000000000000e+00
-1.732445000000000235e+00,0.000000000000000000e+00
0.000000000000000000e+00,0.000000000000000000e+00
0.000000000000000000e+00,0.000000000000000000e+00
6.194105999999999668e+00,0.000000000000000000e+00
-2.447315999999999825e+00,0.000000000000000000e+00
-8.290720000000000312e-01,0.000000000000000000e+00
4.279948999999999337e+00,0.000000000000000000e+00
-1.082490000000000840e+00,0.000000000000000000e+00
-4.869348000000000454e+00,0.000000000000000000e+00
-3.446091000000000015e+00,0.000000000000000000e+00
-4.786683000000000021e+00,0.000000000000000000e+00
-5.796973999999999627e+00,0.000000000000000000e+00
6.741954000000000669e+00,0.000000000000000000e+00
0.000000000000000000e+00,0.000000000000000000e+00
0.000000000000000000e+00,0.000000000000000000e+00
0.000000000000000000e+00,0.000000000000000000e+00
0.000000000000000000e+00,0.000000000000000000e+00
0.000000000000000000e+00,0.000000000000000000e+00
0.000000000000000000e+00,0.000000000000000000e+00
8.009370000000002321e-01,0.000000000000000000e+00
7.493932000000000038e+00,0.000000000000000000e+00
-3.843910000000008154e-01,0.000000000000000000e+00
6.406501999999999697e+00,0.000000000000000000e+00
-6.357073999999999003e+00,0.000000000000000000e+00
-5.243454999999999089e+00,0.000000000000000000e+00
-1.825527999999999373e+00,0.000000000000000000e+00
5.834293000000000617e+00,0.000000000000000000e+00
0.000000000000000000e+00,0.000000000000000000e+00
0.000000000000000000e+00,0.000000000000000000e+00
0.000000000000000000e+00,0.000000000000000000e+00
0.000000000000000000e+00,0.000000000000000000e+00
0.000000000000000000e+00,0.000000000000000000e+00
0.000000000000000000e+00,0.000000000000000000e+00
0.000000000000000000e+00,0.000000000000000000e+00
0.000000000000000000e+00,0.000000000000000000e+00
